Name,Summary,Announced Date,Organization Name,Funding Round,permalink,desc,permalink2
A.M. Management & Consulting,"AMMC is a private equity, active investment, and consulting firm.","May4,2022",Twitter,Post-IPO Equity Twitter,twitter,Twitter is a social networking platform that allows its users to send and read micro-blogs of up to 280-characters known as tweets.,twitter
A.M. Management & Consulting,"AMMC is a private equity, active investment, and consulting firm.","Nov24,2020",ATAI Life Sciences,Series C-ATAl Life Sciences,atai-life-sciences,ATAI Life Sciences develops innovative mental health treatments that address significant unmet medical needs.,atailifesciences
A.M. Management & Consulting,"AMMC is a private equity, active investment, and consulting firm.","0ct9,2020",BlueNalu,Convertible Note BlueNalu,bluenalu,"BlueNalu is a cellular aquaculture company that hopes to satisfy the global appetite for seafood in a fresh, sustainable, and humane way.",bluenalu
A.M. Management & Consulting,"AMMC is a private equity, active investment, and consulting firm.","Jul22,2020",Songclip (Audiobyte),Convertible Note Songclip (Audiobyte),songclip-(audiobyte),"Songclip is the first Social Music API, offering a SaaS technology platform for integrating licensed music on social and digital platforms.",songclip(audiobyte)
A.M. Management & Consulting,"AMMC is a private equity, active investment, and consulting firm.","Apr1,2020",vast,Convertible Note-vast,vast,"Vast offers decision-making tools that help and support customers in purchasing homes, cars, and vacations.",vast
A.M. Management & Consulting,"AMMC is a private equity, active investment, and consulting firm.","Jun14,2019",ONEHOPE,Convertible Note ONEHOPE,onehope,ONEHOPE is a social enterprise that sells wine and other products and services to raise awareness and funding for charitable organizations.,onehope
A.M. Management & Consulting,"AMMC is a private equity, active investment, and consulting firm.","0ct23,2018",Vicarious,Venture Round Vicarious,vicarious,Vicarious is an artificial intelligence company that uses the computational principles of the brain to develop general intelligence.,vicarious
A.M. Management & Consulting,"AMMC is a private equity, active investment, and consulting firm.","Jul19,2018",Health House,Venture Round Health House,health-house,Health House is the first dedicated rowing studio that mixes rowing+ strength training.,healthhouse
"AH Capital Management, L.L.C. (a16z)",Andreessen Horowitz is a stage-agnostic venture capital firm with assets under management across multiple funds.,"May4,2022",Twitter,Post-IPO Equity-Twitter,twitter,Twitter is a social networking platform that allows its users to send and read micro-blogs of up to 280-characters known as tweets.,twitter
"AH Capital Management, L.L.C. (a16z)",Andreessen Horowitz is a stage-agnostic venture capital firm with assets under management across multiple funds.,"Jun16,2021",Waymo,Private Equity Round-Waymo,waymo,Waymo improves transportation by developing self-driving technology developed in Google’s labs.,waymo
"AH Capital Management, L.L.C. (a16z)",Andreessen Horowitz is a stage-agnostic venture capital firm with assets under management across multiple funds.,"Feb1,2021",Robinhood,Private Equity Round-Robinhood,robinhood,"Robinhood is a stock brokerage that allows customers to buy and sell stocks, options, ETFs, and cryptocurrencies with zero commission.",robinhood
"AH Capital Management, L.L.C. (a16z)",Andreessen Horowitz is a stage-agnostic venture capital firm with assets under management across multiple funds.,"Mar2,2020",Waymo,Venture Round-Waymo,waymo,Waymo improves transportation by developing self-driving technology developed in Google’s labs.,waymo
"AH Capital Management, L.L.C. (a16z)",Andreessen Horowitz is a stage-agnostic venture capital firm with assets under management across multiple funds.,"Aug31,2021",Databricks,Series H-Databricks,databricks,Databricks is a data and AI company that interacts with corporate information stored in the public cloud.,databricks
"AH Capital Management, L.L.C. (a16z)",Andreessen Horowitz is a stage-agnostic venture capital firm with assets under management across multiple funds.,"Dec17,2021",EQRx,Post-IPO Equity-EQRx,eqrx,EQRx is a biotechnology company that focuses on re-engineering the process of drug discovery to make them affordable.,eqrx
"AH Capital Management, L.L.C. (a16z)",Andreessen Horowitz is a stage-agnostic venture capital firm with assets under management across multiple funds.,"0ct8,2021",Devoted Health,Series D-Devoted Health,devoted-health,Devoted Health is a healthcare company serving seniors and giving them a health care plan with personal guides and world-class technology.,devotedhealth
"AH Capital Management, L.L.C. (a16z)",Andreessen Horowitz is a stage-agnostic venture capital firm with assets under management across multiple funds.,"Sep22,2016",Airbnb,Series F-Airbnb,airbnb,"Airbnb is an online community marketplace for people to list, discover, and book accommodations through mobile phones or the internet.",airbnb
"AH Capital Management, L.L.C. (a16z)",Andreessen Horowitz is a stage-agnostic venture capital firm with assets under management across multiple funds.,"Feb1,2021",Databricks,Series G-Databricks,databricks,Databricks is a data and AI company that interacts with corporate information stored in the public cloud.,databricks
"AH Capital Management, L.L.C. (a16z)",Andreessen Horowitz is a stage-agnostic venture capital firm with assets under management across multiple funds.,"Jan11,2011",Groupon,Series D-Groupon,groupon,Groupon is a deal-of-the-day website that offers discounted gift certificates usable at local or national companies.,groupon
"AH Capital Management, L.L.C. (a16z)",Andreessen Horowitz is a stage-agnostic venture capital firm with assets under management across multiple funds.,"Feb7,2022",Flexport,Series E-Flexport,flexport,Flexport is a full-service global freight forwarder and logistics platform using modern software to fix the user experience in global trade.,flexport
"AH Capital Management, L.L.C. (a16z)",Andreessen Horowitz is a stage-agnostic venture capital firm with assets under management across multiple funds.,"NoV12,2021",Forte,Series B-Forte,forte,"Forte is a group of specialist service providers offering advice, support and project coordination in the fields of management",forte
"AH Capital Management, L.L.C. (a16z)",Andreessen Horowitz is a stage-agnostic venture capital firm with assets under management across multiple funds.,"May20,2020",Samsara,Series F-Samsara,samsara,Samsara is a Korean eco-friendly company focusing on producing and distributing organic green fertilizers made from earthworm excretion.,samsara
"AH Capital Management, L.L.C. (a16z)",Andreessen Horowitz is a stage-agnostic venture capital firm with assets under management across multiple funds.,"Mar30,2022",Cross River,Series D-Cross River,cross-river,Cross River is a financial institution that offers technology and banking services to consumers and businesses.,crossriver
"AH Capital Management, L.L.C. (a16z)",Andreessen Horowitz is a stage-agnostic venture capital firm with assets under management across multiple funds.,"May31,2022",Ultima Genomics,Venture Round-Ultima Genomics,ultima-genomics,Ultima Genomics is a developer of a low-cost sequencing platform.,ultimagenomics
"AH Capital Management, L.L.C. (a16z)",Andreessen Horowitz is a stage-agnostic venture capital firm with assets under management across multiple funds.,"Sep20,2021",Fivetran,Series D-Fivetran,fivetran,Fivetran is a technology company that automates replicating data into a cloud data platforms,fivetran
"AH Capital Management, L.L.C. (a16z)",Andreessen Horowitz is a stage-agnostic venture capital firm with assets under management across multiple funds.,"0ct21,2014",Magic Leap,Series B-Magic Leap,magic-leap,Magic Leap is a proprietary wearable technology that enables users to interact with digital devices in a completely visually cinematic way.,magicleap
"AH Capital Management, L.L.C. (a16z)",Andreessen Horowitz is a stage-agnostic venture capital firm with assets under management across multiple funds.,"Mar23,2021",Loft,Series D-Loft,loft,"The Ultimate 3D Customer Experience Engine. Inspired by Reality. For Furniture Retail, Manufacturers and Real Estate.",loft
"AH Capital Management, L.L.C. (a16z)",Andreessen Horowitz is a stage-agnostic venture capital firm with assets under management across multiple funds.,"Jan6,2021",Roblox,Series H-Roblox,roblox,Roblox is an online gaming and entertainment platform that offers a shared digital experience that brings people together through play.,roblox
"AH Capital Management, L.L.C. (a16z)",Andreessen Horowitz is a stage-agnostic venture capital firm with assets under management across multiple funds.,"May11,2017",Improbable,Series B-Improbable,improbable,Improbable is a technology company that provides a metaverse platform designed to offer virtual gaming experiences.,improbable
"AH Capital Management, L.L.C. (a16z)",Andreessen Horowitz is a stage-agnostic venture capital firm with assets under management across multiple funds.,"Jan11,2021",EQRx,Series B-EQRx,eqrx,EQRx is a biotechnology company that focuses on re-engineering the process of drug discovery to make them affordable.,eqrx
"AH Capital Management, L.L.C. (a16z)",Andreessen Horowitz is a stage-agnostic venture capital firm with assets under management across multiple funds.,"Jul16,2021",Rappi,Series F-Rappi,rappi,Rappi is a consumer tech company that specializes in providing online delivery services.,rappi
"AH Capital Management, L.L.C. (a16z)",Andreessen Horowitz is a stage-agnostic venture capital firm with assets under management across multiple funds.,"May6,2015",Zenefits,Series C-Zenefits,zenefits,"Zenefits delivers a complete, all-mobile HR experience for small and medium businesses.",zenefits
"AH Capital Management, L.L.C. (a16z)",Andreessen Horowitz is a stage-agnostic venture capital firm with assets under management across multiple funds.,"Apr16,2014",Airbnb,Series D-Airbnb,airbnb,"Airbnb is an online community marketplace for people to list, discover, and book accommodations through mobile phones or the internet.",airbnb
"AH Capital Management, L.L.C. (a16z)",Andreessen Horowitz is a stage-agnostic venture capital firm with assets under management across multiple funds.,"Sep22,2020",Robinhood,Series G-Robinhood,robinhood,"Robinhood is a stock brokerage that allows customers to buy and sell stocks, options, ETFs, and cryptocurrencies with zero commission.",robinhood
Aliya Capital Partners LLC,Aliya Capital Partners is an Investment Management company,"Aug8,2022",Betr,Series A-Betr,betr,"Betr is a relationship app that combines private social networking, evolved online dating, and digital content on to a single platform.",betr
Aliya Capital Partners LLC,Aliya Capital Partners is an Investment Management company,"May4,2022",Twitter,Post-IPO Equity Twitter,twitter,Twitter is a social networking platform that allows its users to send and read micro-blogs of up to 280-characters known as tweets.,twitter
"BAMCO, Inc. (Baron)","Baron Capital Group is a research-driven, long-term equity investment firm focused on delivering growth equity investment solutions","Sep7,2022",GoodNews Coffee,Series A-GoodNews Coffee,goodnews-coffee,Good Coffee for Good People,goodnewscoffee
"BAMCO, Inc. (Baron)","Baron Capital Group is a research-driven, long-term equity investment firm focused on delivering growth equity investment solutions","May4,2022",Twitter,Post-IPO Equity-Twitter,twitter,Twitter is a social networking platform that allows its users to send and read micro-blogs of up to 280-characters known as tweets.,twitter
"BAMCO, Inc. (Baron)","Baron Capital Group is a research-driven, long-term equity investment firm focused on delivering growth equity investment solutions","Jan24,2022",Swiggy,Venture Round-Swiggy,swiggy,Swiggy is a food delivery platform that brings food from neighborhood restaurants directly to customers' doors.,swiggy
"BAMCO, Inc. (Baron)","Baron Capital Group is a research-driven, long-term equity investment firm focused on delivering growth equity investment solutions","Dec1,2021",Innovid,Post-IPO Equity-Innovid,innovid,Innovid is the only independent omni-channel advertising and analytics platform built for television.,innovid
"BAMCO, Inc. (Baron)","Baron Capital Group is a research-driven, long-term equity investment firm focused on delivering growth equity investment solutions","Nov18,2021",Farmers Business Network,Series G-Farmers Business Network,farmers-business-network,FBN is an AgTech and commerce platform that helps its members make confident decisions to ensure the economic viability of their farms.,farmersbusinessnetwork
"BAMCO, Inc. (Baron)","Baron Capital Group is a research-driven, long-term equity investment firm focused on delivering growth equity investment solutions","Nov8,2021",Nextdoor,Post-IPO Equity-Nextdoor,nextdoor,Nextdoor is the neighborhood network.,nextdoor
"BAMCO, Inc. (Baron)","Baron Capital Group is a research-driven, long-term equity investment firm focused on delivering growth equity investment solutions","Sep30,2021",velo3D,Post-IPO Equity-Velo3D,velo3d,Velo3D is a digital manufacturing company using a Sapphire 3D production printer and flow print preparation software to print 3D metals.,velo3d
"BAMCO, Inc. (Baron)","Baron Capital Group is a research-driven, long-term equity investment firm focused on delivering growth equity investment solutions","Sep17,2021",Archer,Post-IPO Equity-Archer,archer,Archer is a provider of cloud-based technology platform for investment managers.,archer
"BAMCO, Inc. (Baron)","Baron Capital Group is a research-driven, long-term equity investment firm focused on delivering growth equity investment solutions","Aug23,2021",SmartRent,Post-IPO Equity-SmartRent,smartrent,SmartRent is an enterprise home automation and internet of things platform for the multifamily industry.,smartrent
"BAMCO, Inc. (Baron)","Baron Capital Group is a research-driven, long-term equity investment firm focused on delivering growth equity investment solutions","Jul15,2021",Markforged,Post-IPO Equity-Markforged,markforged,Markforged is a manufacturing company that invents a new 3D printing process to build parts with the strength of Continuous Carbon Fiber.,markforged
"BAMCO, Inc. (Baron)","Baron Capital Group is a research-driven, long-term equity investment firm focused on delivering growth equity investment solutions","Jul2,2021",Sharecare,Post-IPO Equity-Sharecare,sharecare,"Sharecare is a health and wellness engagement platform providing consumers with information, programs and resources to improve their health.",sharecare
"BAMCO, Inc. (Baron)","Baron Capital Group is a research-driven, long-term equity investment firm focused on delivering growth equity investment solutions","Jun30,2021",Taboola,Post-IPO Equity-Taboola,taboola,Taboola is an AI-powered content discovery platform that connects people with content on the web that suits their interests.,taboola
"BAMCO, Inc. (Baron)","Baron Capital Group is a research-driven, long-term equity investment firm focused on delivering growth equity investment solutions","Jun9,2021",Northvolt,Venture Round-Northvolt,northvolt,Northvolt is a lithium-ion battery manufacturing company that focuses on providing eco-friendly batteries.,northvolt
"BAMCO, Inc. (Baron)","Baron Capital Group is a research-driven, long-term equity investment firm focused on delivering growth equity investment solutions","Jun8,2021",Janus International Group,Post-IPO Equity-Janus International Group,janus-international-group,"Janus International Group is a maker of interior door and hallway systems for self-storage, industrial and commercial facilities.",janusinternationalgroup
"BAMCO, Inc. (Baron)","Baron Capital Group is a research-driven, long-term equity investment firm focused on delivering growth equity investment solutions","May17,2021",Pine Labs,Venture Round-Pine Labs,pine-labs,Pine Labs is a merchant commerce platform that provides financing and last-mile retail transaction technology to merchants.,pinelabs
"BAMCO, Inc. (Baron)","Baron Capital Group is a research-driven, long-term equity investment firm focused on delivering growth equity investment solutions","Mar29,2021",BBYJU'S,Series F-BYJU'S,bbyju's,BYJU'S is an educational technology company that develops personalized learning programs for K-12 students.,bbyju's
"BAMCO, Inc. (Baron)","Baron Capital Group is a research-driven, long-term equity investment firm focused on delivering growth equity investment solutions","Jan7,2021",Resident,Series B-Resident,resident,Resident Property Management Software is a cloud-based property management platform for for managing agents and leaseholders,resident
"BAMCO, Inc. (Baron)","Baron Capital Group is a research-driven, long-term equity investment firm focused on delivering growth equity investment solutions","Nov2,2020",Access TeleCare,Post-IPO Equity-Access TeleCare,access-telecare,Access TeleCare provides acute telemedicine technology and solutions.,accesstelecare
"BAMCO, Inc. (Baron)","Baron Capital Group is a research-driven, long-term equity investment firm focused on delivering growth equity investment solutions","Sep29,2020",Northvolt,Series B-Northvolt,northvolt,Northvolt is a lithium-ion battery manufacturing company that focuses on providing eco-friendly batteries.,northvolt
"BAMCO, Inc. (Baron)","Baron Capital Group is a research-driven, long-term equity investment firm focused on delivering growth equity investment solutions","Sep8,2020",Zymergen,Series D-Zymergen,zymergen,"Zymergen is a biotechnology company that specializes in machine learning, big data, and artificial intelligence.",zymergen
"BAMCO, Inc. (Baron)","Baron Capital Group is a research-driven, long-term equity investment firm focused on delivering growth equity investment solutions","Aug26,2020",Desktop Metal,Post-IPO Equity-Desktop Metal,desktop-metal,"Desktop Metal is a provider of metal and carbon fiber 3D printing accessible to all engineers, designers, and manufacturers.",desktopmetal
"BAMCO, Inc. (Baron)","Baron Capital Group is a research-driven, long-term equity investment firm focused on delivering growth equity investment solutions","Aug3,2020",Farmers Business Network,Series F-Farmers Business Network,farmers-business-network,FBN is an AgTech and commerce platform that helps its members make confident decisions to ensure the economic viability of their farms.,farmersbusinessnetwork
"BAMCO, Inc. (Baron)","Baron Capital Group is a research-driven, long-term equity investment firm focused on delivering growth equity investment solutions","Ju29,2020",Access TeleCare,Private Equity Round-Access TeleCare,access-telecare,Access TeleCare provides acute telemedicine technology and solutions.,accesstelecare
"BAMCO, Inc. (Baron)","Baron Capital Group is a research-driven, long-term equity investment firm focused on delivering growth equity investment solutions","Jul10,2020",Rivian,Private Equity Round-Rivian,rivian,Rivian is an electric vehicle manufacturer that works to offset the carbon footprint.,rivian
Binance,Binance is a blockchain ecosystem and digital asset exchange platform that combines digital technology and finance.,"Sep29,2022",MX Global,Venture Round-MX Global,mx-global,"MX Global is a cryptocurrency trading platform that provides bitcoin trading, risk management, and blockchain management services.",mxglobal
Binance,Binance is a blockchain ecosystem and digital asset exchange platform that combines digital technology and finance.,"May4,2022",Twitter,Post-IPO Equity-Twitter,twitter,Twitter is a social networking platform that allows its users to send and read micro-blogs of up to 280-characters known as tweets.,twitter
Binance,Binance is a blockchain ecosystem and digital asset exchange platform that combines digital technology and finance.,"Apr14,2022",Skynet EGLD Capital,Venture Round-Skynet EGLD Capital,skynet-egld-capital,Skynet EGLD Capital is an Investment Fund focused on Growing the Elrond Network,skynetegldcapital
Binance,Binance is a blockchain ecosystem and digital asset exchange platform that combines digital technology and finance.,"Apr6,2022",Sky Mavis,Series C-Sky Mavis,sky-mavis,Sky Mavis is a technology company that creates decentralized applications and services.,skymavis
Binance,Binance is a blockchain ecosystem and digital asset exchange platform that combines digital technology and finance.,"Mar16,2022",Treehouse Finance,Seed Round-Treehouse Finance,treehouse-finance,"Treehouse is a DeFi analytics platform that delivers data, analytics, and risk management to DeFi users and to drive community innovation.",treehousefinance
Binance,Binance is a blockchain ecosystem and digital asset exchange platform that combines digital technology and finance.,"Mar1,2022",MX Global,Initial Coin Offering-MX Global,mx-global,"MX Global is a cryptocurrency trading platform that provides bitcoin trading, risk management, and blockchain management services.",mxglobal
Binance,Binance is a blockchain ecosystem and digital asset exchange platform that combines digital technology and finance.,"Feb10,2022",Forbes//rodel banez capinig,Corporate Round-Forbes//rodel banez capinig,forbes//rodel-banez-capinig,Forbes provides a business magazine that is focused on business news and financial information.,forbes//rodelbanezcapinig
Binance,Binance is a blockchain ecosystem and digital asset exchange platform that combines digital technology and finance.,"Apr1,2021",Mask Network,Venture Round-Mask Network,mask-network,"Mask Network is the Portal to the New, Open Internet.",masknetwork
Binance,Binance is a blockchain ecosystem and digital asset exchange platform that combines digital technology and finance.,"Mar9,2021",OpenOcean,Seed Round-OpenOcean,openocean,OpenOcean is an open source electronic medical record derived from OpenDolphin.,openocean
Binance,Binance is a blockchain ecosystem and digital asset exchange platform that combines digital technology and finance.,"Mar1,2021",CERE Network,Series A-CERE Network,cere-network,CERE Network is a decentralized data cloud platform that delivers data integration and data collaboration solutions.,cerenetwork
Binance,Binance is a blockchain ecosystem and digital asset exchange platform that combines digital technology and finance.,"Feb9,2021",Stake Technologies,Venture Round-Stake Technologies,stake-technologies,Stake Technologies is a technology company that provides blockchain solutions to enterprises.,staketechnologies
Binance,Binance is a blockchain ecosystem and digital asset exchange platform that combines digital technology and finance.,"Dec31,2020",Biconomy,Seed Round-Biconomy,biconomy,Biconomy is a technology company building transaction infrastructure for next-generation Web 3 applications.,biconomy
Binance,Binance is a blockchain ecosystem and digital asset exchange platform that combines digital technology and finance.,"May12,2020",TokoCrypto,Corporate Round-TokoCrypto,tokocrypto,TokoCrypto is an internet company located in Jakarta.,tokocrypto
Binance,Binance is a blockchain ecosystem and digital asset exchange platform that combines digital technology and finance.,"Apr23,2020",Bundle Africa,Pre Seed Round-Bundle Africa,bundle-africa,"Bundle is a social payments app for cash or cryptocurrency. Social first, payments second",bundleafrica
Binance,Binance is a blockchain ecosystem and digital asset exchange platform that combines digital technology and finance.,"Jan23,2020",Numbers Protocol,Venture Round-Numbers Protocol,numbers-protocol,"Numbers Protocol has developed a decentralized photo network for creating community, value, and trust in digital media.",numbersprotocol
Binance,Binance is a blockchain ecosystem and digital asset exchange platform that combines digital technology and finance.,"Jan14,2020",BxB,Seed Round-BxB,bxb,"BxB is building KRWb, a stable bridge from Korea to anywhere. It's a globally accessible, 1:1 stable coin backed by the Korean Won.",bxb
Binance,Binance is a blockchain ecosystem and digital asset exchange platform that combines digital technology and finance.,"Dec23,2019",Eurexcoin.com,Series A-Eurexcoin.com,eurexcoin.com,"Eurexcoin Trading platform, #1 cryptocurrency automated and secured trading platform. #BTC #BNB",eurexcoin.com
Binance,Binance is a blockchain ecosystem and digital asset exchange platform that combines digital technology and finance.,"Dec20,2019",FTX,Corporate Round-FTX,ftx,"FTX is an online, mobile game developer.",ftx
Binance,Binance is a blockchain ecosystem and digital asset exchange platform that combines digital technology and finance.,"0ct2,2019",Founders Bank,Venture Round-Founders Bank,founders-bank,"Founders Bank is a corporate challenger bank servicing the tech industry,",foundersbank
Binance,Binance is a blockchain ecosystem and digital asset exchange platform that combines digital technology and finance.,"Sep17,2019",Band Protocol,Seed Round-Band Protocol,band-protocol,Decentralized cross-chain data oracle - connecting smart contract to external data and APIs,bandprotocol
Binance,Binance is a blockchain ecosystem and digital asset exchange platform that combines digital technology and finance.,"Sep12,2019",Mars Finance,Series B-Mars Finance,mars-finance,Mars Finance is a Chinese news and reports platform focusing on the blockchain and cryptocurrency sector.,marsfinance
Binance,Binance is a blockchain ecosystem and digital asset exchange platform that combines digital technology and finance.,"Mar1,2019",Tellor,Seed Round-Tellor,tellor,The Decentralized Oracle for DeFi,tellor
Binance,Binance is a blockchain ecosystem and digital asset exchange platform that combines digital technology and finance.,"Mar1,2019",capitalise.ai,Funding Round-capitalise.ai,capitalise.ai,Capitalise is the innovative way that lets you use natural language to make your investment ideas come to life.,capitalise.ai
Binance,Binance is a blockchain ecosystem and digital asset exchange platform that combines digital technology and finance.,"0ct5,2018",Injective,Pre Seed Round-Injective,injective,"Injective is the blockchain built for finance. It is an open, interoperable network for applications shaping the future of DeFi.",injective
Binance,Binance is a blockchain ecosystem and digital asset exchange platform that combines digital technology and finance.,"0ct3,2018",TravelbyBit,Grant-TravelbyBit,travelbybit,TravelbyBit is an Australia digital currency tourism company.,travelbybit
Binance,Binance is a blockchain ecosystem and digital asset exchange platform that combines digital technology and finance.,"Aug31,2018",Buxx,Initial Coin Offering-Buxx,buxx,Buxx provides payment method for businesses.,buxx
Binance,Binance is a blockchain ecosystem and digital asset exchange platform that combines digital technology and finance.,"Jan1,2018",MT5Wave,Funding Round-MT5Wave,mt5wave,#1 Award Winning Auto Trader | Trade over 130 stocks and cryptocurrency with low trading fees through automation.,mt5wave
Binance,Binance is a blockchain ecosystem and digital asset exchange platform that combines digital technology and finance.,"Jan2,2007",MT5Wave,Funding Round-MT5Wave,mt5wave,#1 Award Winning Auto Trader | Trade over 130 stocks and cryptocurrency with low trading fees through automation.,mt5wave
Brookfield,"Brookfield Asset Management is a Canadian asset management firm focused on property, renewable energy, infrastructure, and private equity.","0ct17,2022",Panthera Finance,Debt Financing-Panthera Finance,panthera-finance,Panthera Finance is a debt buyer & collector and financial management firm.,pantherafinance
Brookfield,"Brookfield Asset Management is a Canadian asset management firm focused on property, renewable energy, infrastructure, and private equity.","0ct6,2022",Primary Wave,Private Equity Round-Primary Wave,primary-wave,"Primary Wave is a provider of a full-service entertainment company with expertise in talent, literary, and music management.",primarywave
Brookfield,"Brookfield Asset Management is a Canadian asset management firm focused on property, renewable energy, infrastructure, and private equity.","May19,2022",CrescoNet,Venture Round-CrescoNet,cresconet,CrescoNet is an integrated Multi-Application Public and Private M2M Networks for Utilities.,cresconet
Brookfield,"Brookfield Asset Management is a Canadian asset management firm focused on property, renewable energy, infrastructure, and private equity.","May11,2022",NeWork,Post-IPO Debt-WeWork,nework,NeWork is a software and hardware company.,nework
Brookfield,"Brookfield Asset Management is a Canadian asset management firm focused on property, renewable energy, infrastructure, and private equity.","May4,2022",Twitter,Post-IPO Equity-Twitter,twitter,Twitter is a social networking platform that allows its users to send and read micro-blogs of up to 280-characters known as tweets.,twitter
Brookfield,"Brookfield Asset Management is a Canadian asset management firm focused on property, renewable energy, infrastructure, and private equity.","May2,2022",AGL Energy,Post-IPO Equity-AGL Energy,agl-energy,AGL Energy focuses on renewable energy generation and sustainability.,aglenergy
Brookfield,"Brookfield Asset Management is a Canadian asset management firm focused on property, renewable energy, infrastructure, and private equity.","Mar28,2022",Superior Plus,Post-IPO Equity-Superior Plus,superior-plus,Superior Plus goal is to provide long-term stable dividends and premium returns to shareholders through value-based growth in core assets.,superiorplus
Brookfield,"Brookfield Asset Management is a Canadian asset management firm focused on property, renewable energy, infrastructure, and private equity.","Mar17,2022",Jindal Poly Films,Post-IPO Equity-Jindal Poly Films,jindal-poly-films,Jindal Poly manufactures Polyester.,jindalpolyfilms
Brookfield,"Brookfield Asset Management is a Canadian asset management firm focused on property, renewable energy, infrastructure, and private equity.","Feb2,2022",Hopper,Secondary Market-Hopper,hopper,Hopper is a travel app that uses predictive analytics to make travel recommendations.,hopper
Brookfield,"Brookfield Asset Management is a Canadian asset management firm focused on property, renewable energy, infrastructure, and private equity.","Jan20,2022",Amp Solar Group,Debt Financing-Amp Solar Group,amp-solar-group,Amp Solar Group is a global developer of flexible clean energy infrastructure.,ampsolargroup
Brookfield,"Brookfield Asset Management is a Canadian asset management firm focused on property, renewable energy, infrastructure, and private equity.","Nov22,2021",Experimental Group,Private Equity Round-Experimental Group,experimental-group,Experimental Group offers hospitality services through its chain of hotels.,experimentalgroup
Brookfield,"Brookfield Asset Management is a Canadian asset management firm focused on property, renewable energy, infrastructure, and private equity.","Jul6,2021",Creating Culinary Communities,Series B-Creating Culinary,creating-culinary-communities,Creating Culinary Communities is a cutting edge food and beverage platform consisting of an array of limited service culinary brands.,creatingculinarycommunities
Brookfield,"Brookfield Asset Management is a Canadian asset management firm focused on property, renewable energy, infrastructure, and private equity.","Jun10,2021",Immersive Gamebox,Series A-Immersive Gamebox,immersive-gamebox,Immersive Gamebox is an immersive entertainment platform that delivers immersive team adventures in the interactive digital smart rooms.,immersivegamebox
Brookfield,"Brookfield Asset Management is a Canadian asset management firm focused on property, renewable energy, infrastructure, and private equity.","May20,2021",Workrise,Series E-Workrise,workrise,Workrise is a marketplace for on-demand services and skilled labor in the energy industry.,workrise
Brookfield,"Brookfield Asset Management is a Canadian asset management firm focused on property, renewable energy, infrastructure, and private equity.","Nov10,2020",Carbon Health,Series C-Carbon Health,carbon-health,Carbon Health is a tech-enabled healthcare company that delivers a virtual care experience.,carbonhealth
Brookfield,"Brookfield Asset Management is a Canadian asset management firm focused on property, renewable energy, infrastructure, and private equity.","0ct18,2020",American Equity Investment Life Holding Company,Post-IPO Equity-American Equity Investment Life Holding Company,american-equity-investment-life-holding-company,American Equity is an industry leader in the development and sale of fixed index and fixed rate annuity products,americanequityinvestmentlifeholdingcompany
Brookfield,"Brookfield Asset Management is a Canadian asset management firm focused on property, renewable energy, infrastructure, and private equity.","Jun23,2020",Abu Dhabi National Oil Company,Funding Round-Abu Dhabi National Oil Company,abu-dhabi-national-oil-company,ADNOC and its Group Companies aspire to achieve an HSE performance that is exemplary in the Middle East and African Region.,abudhabinationaloilcompany
Brookfield,"Brookfield Asset Management is a Canadian asset management firm focused on property, renewable energy, infrastructure, and private equity.","Jun8,2020",Superior Plus,Post-IPO Equity-Superior Plus,superior-plus,Superior Plus goal is to provide long-term stable dividends and premium returns to shareholders through value-based growth in core assets.,superiorplus
Brookfield,"Brookfield Asset Management is a Canadian asset management firm focused on property, renewable energy, infrastructure, and private equity.","Jun5,2020",Polaris Infrastructure,Post-IPO Debt-Polaris Infrastructure,polaris-infrastructure,Polaris Infrastructure Inc. is a renewable energy company.,polarisinfrastructure
Brookfield,"Brookfield Asset Management is a Canadian asset management firm focused on property, renewable energy, infrastructure, and private equity.","Jun2,2020",Vivint Solar,Post-IPO Debt-Vivint Solar,vivint-solar,Vivint Solar is a provider of solar solutions and a growing residential solar power providers.,vivintsolar
Brookfield,"Brookfield Asset Management is a Canadian asset management firm focused on property, renewable energy, infrastructure, and private equity.","May29,2020",IndoStar Capital,Private Equity Round-IndoStar Capital,indostar-capital,IndoStar Capital is a non-banking financial company (NBFC) that offers tailor-made financial services.,indostarcapital
Brookfield,"Brookfield Asset Management is a Canadian asset management firm focused on property, renewable energy, infrastructure, and private equity.","Aug22,2018",Latch,Series B-Latch,latch,"Latch is a full-building operating system of software, products, and services designed to make every building better.",latch
Brookfield,"Brookfield Asset Management is a Canadian asset management firm focused on property, renewable energy, infrastructure, and private equity.","Jul20,2018",Incor Infrastructure,Private Equity Round-Incor Infrastructure,incor-infrastructure,Incor Infrastructure is a residential and commercial real estate company.,incorinfrastructure
Brookfield,"Brookfield Asset Management is a Canadian asset management firm focused on property, renewable energy, infrastructure, and private equity.","Jul10,2018",Convene,Series D-Convene,convene,Azeus Convene is a multi-awarded and leading board management software that is used by directors and executives across the globe.,convene
Brookfield,"Brookfield Asset Management is a Canadian asset management firm focused on property, renewable energy, infrastructure, and private equity.","Mar21,2018",Link Financial,Private Equity Round Link Financial Services,link-financial,"Link provides merchants with an alternate, low-cost payment solution and enables shoppers to pay with bank accounts.",linkfinancial
Brookfield,"Brookfield Asset Management is a Canadian asset management firm focused on property, renewable energy, infrastructure, and private equity.","Jun3,2016",CWC Energy Services,Private Equity Round-CWC Energy Services,cwc-energy-services,CWC They are leading the way in the oilfield service industry with our innovative delivery of a complete range of oil and gas services.,cwcenergyservices
Brookfield,"Brookfield Asset Management is a Canadian asset management firm focused on property, renewable energy, infrastructure, and private equity.","May1,2013",Arcestra,Series A-Arcestra,arcestra,Arcestra is a mobile application that assists users with commercial real estate marketing.,arcestra
Brookfield,"Brookfield Asset Management is a Canadian asset management firm focused on property, renewable energy, infrastructure, and private equity.","Jun30,2010",IPICO,Venture Round IPICO,ipico,"IPICO develops radio frequency identification technologies, products, and services.",ipico
"DFJ Growth IV Partners, LLC","DFJ Growth is a late-stage global venture capital firm that provides capital to companies in seed, early, and growth-stages.","Jul18,2022",Delfi Diagnostics,Series B-Delfi Diagnostics,delfi-diagnostics,"Delfi Diagnostics detects cancer early, when it is most curable, using high precision non-invasive blood tests.",delfidiagnostics
"DFJ Growth IV Partners, LLC","DFJ Growth is a late-stage global venture capital firm that provides capital to companies in seed, early, and growth-stages.","Jun22,2022",Glowforge,Series E-Glowforge,glowforge,Glowforge is a manufacturer of 3D laser printers intended to offer printing services on a wide range of materials and many more.,glowforge
"DFJ Growth IV Partners, LLC","DFJ Growth is a late-stage global venture capital firm that provides capital to companies in seed, early, and growth-stages.","Jun8,2022",Immuta,Series E-Immuta,immuta,"Immuta accelerates secure data access by discovering, securing, and monitoring cloud data.",immuta
"DFJ Growth IV Partners, LLC","DFJ Growth is a late-stage global venture capital firm that provides capital to companies in seed, early, and growth-stages.","May10,2022",Osmind,Series B-Osmind,osmind,Osmind is the premier technology platform for breakthough mental health treatment and research.,osmind
"DFJ Growth IV Partners, LLC","DFJ Growth is a late-stage global venture capital firm that provides capital to companies in seed, early, and growth-stages.","May4,2022",Twitter,Post-IPO Equity-Twitter,twitter,Twitter is a social networking platform that allows its users to send and read micro-blogs of up to 280-characters known as tweets.,twitter
"DFJ Growth IV Partners, LLC","DFJ Growth is a late-stage global venture capital firm that provides capital to companies in seed, early, and growth-stages.","Apr20,2022",The Boring Company,Series C-The Boring Company,the-boring-company,The Boring Company engages in constructing underground transportation networks.,theboringcompany
"DFJ Growth IV Partners, LLC","DFJ Growth is a late-stage global venture capital firm that provides capital to companies in seed, early, and growth-stages.","Feb14,2022",Databook,Series B-Databook,databook,Databook is an enterprise customer intelligence platform that drives enterprise sales productivity and performance at scale.,databook
"DFJ Growth IV Partners, LLC","DFJ Growth is a late-stage global venture capital firm that provides capital to companies in seed, early, and growth-stages.","Feb10,2022",Salt Security,Series D-Salt Security,salt-security,Salt Security provides an API protection platform designed to prevent attacks by leveraging machine learning and AI.,saltsecurity
"DFJ Growth IV Partners, LLC","DFJ Growth is a late-stage global venture capital firm that provides capital to companies in seed, early, and growth-stages.","Feb8,2022",Alchemy,Series C-Alchemy,alchemy,Alchemy is publishing and distributing multimedia database management software.,alchemy
"DFJ Growth IV Partners, LLC","DFJ Growth is a late-stage global venture capital firm that provides capital to companies in seed, early, and growth-stages.","Dec15,2021",Sysdig,Series G-Sysdig,sysdig,Sysdig is driving the standard for cloud and container security.,sysdig
"DFJ Growth IV Partners, LLC","DFJ Growth is a late-stage global venture capital firm that provides capital to companies in seed, early, and growth-stages.","Dec9,2021",Rho Business Banking,Series B-Rho Business Banking,rho-business-banking,Rho Business Banking is a digital banking platform for startups and high-growth companies.,rhobusinessbanking
"DFJ Growth IV Partners, LLC","DFJ Growth is a late-stage global venture capital firm that provides capital to companies in seed, early, and growth-stages.","Dec1,2021",Commonwealth Fusion,Series B-Commonwealth Fusion,commonwealth-fusion,Commonwealth Fusion is an MIT spinoff research company that focuses on bringing fusion energy technology to market.,commonwealthfusion
"DFJ Growth IV Partners, LLC","DFJ Growth is a late-stage global venture capital firm that provides capital to companies in seed, early, and growth-stages.","Nov3,2021",Yellowbrick Data,Series C-Yellowbrick Data,yellowbrick-data,Yellowbrick Data empowers companies to make faster decisions with all of their data.,yellowbrickdata
"DFJ Growth IV Partners, LLC","DFJ Growth is a late-stage global venture capital firm that provides capital to companies in seed, early, and growth-stages.","0ct28,2021",Alchemy,SeriesC-Alchemy,alchemy,Alchemy is publishing and distributing multimedia database management software.,alchemy
"DFJ Growth IV Partners, LLC","DFJ Growth is a late-stage global venture capital firm that provides capital to companies in seed, early, and growth-stages.","0ct14,2021",Dutchie,Series D-Dutchie,dutchie,Dutchie provides an all-in-one technology platform that powers dispensary operations.,dutchie
"DFJ Growth IV Partners, LLC","DFJ Growth is a late-stage global venture capital firm that provides capital to companies in seed, early, and growth-stages.","Aug5,2021",Hopin,Series D-Hopin,hopin,All-In-One Agile Chatbot Platform For Automating Dialogflow NLP AI Bot Projects,hopin
"DFJ Growth IV Partners, LLC","DFJ Growth is a late-stage global venture capital firm that provides capital to companies in seed, early, and growth-stages.","Jul30,2021",Neuralink,Series C-Neuralink,neuralink,Neuralink develops a brain machine interface that provides solutions for those with paralysis.,neuralink
"DFJ Growth IV Partners, LLC","DFJ Growth is a late-stage global venture capital firm that provides capital to companies in seed, early, and growth-stages.","Jul26,2021",NotCo(The Not Company),Series D-NotCo(The Not Company),notco(the-not-company),NotCo is a food technology company that produces plant-based meat and dairy substitutes.,notco(thenotcompany)
Fidelity Management & Research Company LLC,"FMR is a financial services firm that specializes in retirement, investments, online trading, and asset management.","Nov21,2022",FogPharma,Series D-FogPharma,fogpharma,FogPharma is a biopharmaceutical firm that develops precision medicines for the vast majority of therapeutic targets.,fogpharma
Fidelity Management & Research Company LLC,"FMR is a financial services firm that specializes in retirement, investments, online trading, and asset management.","Nov17,2022",Astera Labs,Series D-Astera Labs,astera-labs,Astera Labs is a semiconductor company that provides connectivity solutions for intelligent systems.,asteralabs
Fidelity Management & Research Company LLC,"FMR is a financial services firm that specializes in retirement, investments, online trading, and asset management.","Nov3,2022",Emalex Biosciences,Series D-Emalex Biosciences,emalex-biosciences,Emalex Biosciences is a biotech startup that develops new treatments for central nervous system disorders.,emalexbiosciences
Fidelity Management & Research Company LLC,"FMR is a financial services firm that specializes in retirement, investments, online trading, and asset management.","0ct26,2022",SiMa.ai,Series B-SiMa.ai,sima.ai,SiMa.ai accelerates the proliferation of high-performance machine learning inference at very low power in embedded edge applications.,sima.ai
Fidelity Management & Research Company LLC,"FMR is a financial services firm that specializes in retirement, investments, online trading, and asset management.","0ct24,2022",Local Bounti,Post-IPO Equity-Local Bounti,local-bounti,"Local Bounti is an agriculture company delivering herbs, vegetables, and other products to service wholesale restaurant and grocer accounts.",localbounti
Fidelity Management & Research Company LLC,"FMR is a financial services firm that specializes in retirement, investments, online trading, and asset management.","0ct13,2022",Odyssey Therapeutic,Series B-Odyssey Therapeutics,odyssey-therapeutic,Odyssey Therapeutics creates precision immunomodulators and oncology medicines for patients with cancer and inflammatory diseases.,odysseytherapeutic
Fidelity Management & Research Company LLC,"FMR is a financial services firm that specializes in retirement, investments, online trading, and asset management.","Sep27,2022",Wasabi Technologies,Series D-Wasabi Technologies,wasabi-technologies,Wasabi is a cloud storage company delivering cost effective and secure cloud storage solutions.,wasabitechnologies
Fidelity Management & Research Company LLC,"FMR is a financial services firm that specializes in retirement, investments, online trading, and asset management.","Sep15,2022",Galvanize Therapeutics,Series B-Galvanize Therapeutics,galvanize-therapeutics,Galvanize is a biomedical platform company that provides therapeutic products and services to deliver healthcare solutions.,galvanizetherapeutics
Fidelity Management & Research Company LLC,"FMR is a financial services firm that specializes in retirement, investments, online trading, and asset management.","Jul25,2022",Cleerly,Series C-Cleerly,cleerly,Cleerly is a digital healthcare company that offers heart disease diagnosis solutions.,cleerly
Fidelity Management & Research Company LLC,"FMR is a financial services firm that specializes in retirement, investments, online trading, and asset management.","Jun6,2022",Aledade,Series E-Aledade,aledade,Aledade is a primary care physician platform that provides everything doctors need to create and run an accountable care organization.,aledade
Fidelity Management & Research Company LLC,"FMR is a financial services firm that specializes in retirement, investments, online trading, and asset management.","May25,2022",SiMa.ai,Series B-SiMa.ai,sima.ai,SiMa.ai accelerates the proliferation of high-performance machine learning inference at very low power in embedded edge applications.,sima.ai
Fidelity Management & Research Company LLC,"FMR is a financial services firm that specializes in retirement, investments, online trading, and asset management.","May4,2022",Twitter,Post-IPO Equity-Twitter,twitter,Twitter is a social networking platform that allows its users to send and read micro-blogs of up to 280-characters known as tweets.,twitter
Fidelity Management & Research Company LLC,"FMR is a financial services firm that specializes in retirement, investments, online trading, and asset management.","May2,2022",Castle Creek Biosciences,Venture Round-Castle Creek Biosciences,castle-creek-biosciences,"Castle Creek Biosciences is focused on developing commercializing novel, personalized gene therapies for rare skin disorders.",castlecreekbiosciences
Fidelity Management & Research Company LLC,"FMR is a financial services firm that specializes in retirement, investments, online trading, and asset management.","Apr26,2022",Starling Bank,SeriesD-Starling Bank,starling-bank,"Starling Bank is a mobile banking platform that offers personal, joint, and business accounts.",starlingbank
Fidelity Management & Research Company LLC,"FMR is a financial services firm that specializes in retirement, investments, online trading, and asset management.","Apr20,2022",Beta Technologies,Series B-Beta Technologies,beta-technologies,A Metaverse Development Company .,betatechnologies
Fidelity Management & Research Company LLC,"FMR is a financial services firm that specializes in retirement, investments, online trading, and asset management.","Apr19,2022",Dianthus Therapeutics,Series A-Dianthus Therapeutics,dianthus-therapeutics,Dianthus Therapeutics is a biotech company developer of therapeutics and drugs.,dianthustherapeutics
Fidelity Management & Research Company LLC,"FMR is a financial services firm that specializes in retirement, investments, online trading, and asset management.","Apr12,2022",Circle,Private Equity Round-Circle,circle,Circle provides medical and health care services.,circle
Fidelity Management & Research Company LLC,"FMR is a financial services firm that specializes in retirement, investments, online trading, and asset management.","Mar23,2022",LifeMine Therapeutics,Series C-LifeMine Therapeutics,lifemine-therapeutics,LifeMine Therapeutics combines genomics with AI and synthetic biology to discover and develop a pipeline of novel medicines.,lifeminetherapeutics
Fidelity Management & Research Company LLC,"FMR is a financial services firm that specializes in retirement, investments, online trading, and asset management.","Mar15,2022",PrognomiQ,Venture Round-PrognomiQ,prognomiq,PrognomiQ is a biotechnology firm that develops test products to detect early disease detection through the power of multi-omics data.,prognomiq
Fidelity Management & Research Company LLC,"FMR is a financial services firm that specializes in retirement, investments, online trading, and asset management.","Mar9,2022",Menlo Micro,Series C-Menlo Micro,menlo-micro,"Menlo Micro is the developer of the Ideal Switch, an electromechanical switch technology used to switch AC/DC and RF.",menlomicro
Fidelity Management & Research Company LLC,"FMR is a financial services firm that specializes in retirement, investments, online trading, and asset management.","Mar2,2022",Saluda Medical,Private Equity Round-Saluda Medical,saluda-medical,"Saluda Medical is dedicated to improving the lives of people by providing personalised, responsive and efficient neuromodulation therapy.",saludamedical
Fidelity Management & Research Company LLC,"FMR is a financial services firm that specializes in retirement, investments, online trading, and asset management.","Mar2,2022",Fanatics,Private Equity Round-Fanatics,fanatics,Fanatics is a sports merchandise retailer that manufactures fan gear and jerseys across retail channels.,fanatics
Fidelity Management & Research Company LLC,"FMR is a financial services firm that specializes in retirement, investments, online trading, and asset management.","Feb23,2022",Omada Health,Series E-Omada Health,omada-health,Omada Health is a digital behavioral medicine company that helps members change their mindsets to improve health and build lasting change.,omadahealth
Fidelity Management & Research Company LLC,"FMR is a financial services firm that specializes in retirement, investments, online trading, and asset management.","Feb22,2022",Somatus,Series E-Somatus,somatus,"Somatus is a healthcare company that partners with health plans, health systems, nephrology, and primary care groups.",somatus
Fidelity Management & Research Company LLC,"FMR is a financial services firm that specializes in retirement, investments, online trading, and asset management.","Feb16,2022",Cellink,Series D-Cellink,cellink,CelLink is an early-stage hardware startup that is developing a flexible conductive backplane for power electronics.,cellink
Fidelity Management & Research Company LLC,"FMR is a financial services firm that specializes in retirement, investments, online trading, and asset management.","Feb1,2022",MNTN,Series D-MNTN,mntn,"MNTN provides advertising software for direct marketers, agencies, and brands of all sizes.",mntn
Fidelity Management & Research Company LLC,"FMR is a financial services firm that specializes in retirement, investments, online trading, and asset management.","Jan25,2022",Creditas,Series F-Creditas,creditas,Creditas is a consumer loaning startup that operates a digital platform providing secured loans and low interest rates.,creditas
Fidelity Management & Research Company LLC,"FMR is a financial services firm that specializes in retirement, investments, online trading, and asset management.","Jan19,2022",Sonder,Post-IPO Equity-Sonder,sonder, Sonder is High-Est Quality Cannabis Extracts Sun-Grown .,sonder
Fidelity Management & Research Company LLC,"FMR is a financial services firm that specializes in retirement, investments, online trading, and asset management.","Jan11,2022",Bolt,Series F-Bolt,bolt,Bolt is an online EV charging booking system.,bolt
Fidelity Management & Research Company LLC,"FMR is a financial services firm that specializes in retirement, investments, online trading, and asset management.","Jan10,2022",Oddity,Venture Round-Oddity,oddity,Oddity do rebel against templates and standard solutions.,oddity
Fidelity Management & Research Company LLC,"FMR is a financial services firm that specializes in retirement, investments, online trading, and asset management.","Jan5,2022",Korro Bio,Series B-Korro Bio,korro-bio,"Korro Bio provides an efficient and selective method for RNA editing, leveraging natural processes common to all multi-cellular organisms.",korrobio
Honeycomb Asset Management LP,Honeycomb Asset Management LP is a private investment firm specializing in long/short equity and select private investment opportunities.,"May4,2022",Twitter,Post-IPO Equity Twitter,twitter,Twitter is a social networking platform that allows its users to send and read micro-blogs of up to 280-characters known as tweets.,twitter
Honeycomb Asset Management LP,Honeycomb Asset Management LP is a private investment firm specializing in long/short equity and select private investment opportunities.,"0ct30,2021",Flox,Seed Round-Flox,flox,Flox uses Artificial Intelligence (AI) to improve bird welfare and flock performance.,flox
Key Wealth Advisors LLC,Key Wealth Advisors Providing independent advise across traditional and non traditional assets,"May4,2022",Twitter,Post-IPO Equity Twitter,twitter,Twitter is a social networking platform that allows its users to send and read micro-blogs of up to 280-characters known as tweets.,twitter
Lawrence J. Ellison Revocable Trust,The Lawrence J. Ellison Revocable Trust,"May4,2022",Twitter,Post-IPO Equity Twitter,twitter,Twitter is a social networking platform that allows its users to send and read micro-blogs of up to 280-characters known as tweets.,twitter
Lawrence J. Ellison Revocable Trust,The Lawrence J. Ellison Revocable Trust,"Nov17,2006",Theranos,Series C-Theranos,theranos,Theranos is a biotech company that makes actionable information accessible to everyone at the time it matters.,theranos
Litani Ventures,Litani Ventures is a consumer investment company for entrepreneurs by entrepreneurs.,"May16,2022",Notissia,Funding Round-Notissia,notissia,"Notissia collects and organizes information that investors receive on companies, creating a central searchable archive.",notissia
Litani Ventures,Litani Ventures is a consumer investment company for entrepreneurs by entrepreneurs.,"May4,2022",Twitter,Post-IPO Equity-Twitter,twitter,Twitter is a social networking platform that allows its users to send and read micro-blogs of up to 280-characters known as tweets.,twitter
Litani Ventures,Litani Ventures is a consumer investment company for entrepreneurs by entrepreneurs.,"Apr7,2022",Cofactr,Seed Round-Cofactr,cofactr,Software and logistics to help hardware companies automate their electronics supply chain,cofactr
Litani Ventures,Litani Ventures is a consumer investment company for entrepreneurs by entrepreneurs.,"Jan27,2022",Parthean,Seed Round-Parthean,parthean,Parthean is a learning platform that creates personalized learning paths to help young professionals get ahead.,parthean
Litani Ventures,Litani Ventures is a consumer investment company for entrepreneurs by entrepreneurs.,"Dec8,2021",Zymochem,Seed Round-Zymochem,zymochem,Zymochem develop microbes & bioprocesses that enable profitable & eco-friendly production of chemicals from renewable sources such as sugar.,zymochem
Litani Ventures,Litani Ventures is a consumer investment company for entrepreneurs by entrepreneurs.,"Nov15,2021",JuneShine,Series B-JuneShine,juneshine,JuneShine is a hard-kombucha company.,juneshine
Litani Ventures,Litani Ventures is a consumer investment company for entrepreneurs by entrepreneurs.,"0ct13,2021",Ohi,Series A-Ohi,ohi,OHI is a privately-held real estate firm based in the United States.,ohi
Litani Ventures,Litani Ventures is a consumer investment company for entrepreneurs by entrepreneurs.,"Jun16,2021",Yummy,Seed Round-Yummy,yummy,Yummy offers catering chain management and related services.,yummy
Litani Ventures,Litani Ventures is a consumer investment company for entrepreneurs by entrepreneurs.,"Jun8,2021",JuneShine,Series A-JuneShine,juneshine,JuneShine is a hard-kombucha company.,juneshine
Litani Ventures,Litani Ventures is a consumer investment company for entrepreneurs by entrepreneurs.,"Jun1,2021",Opopop,Series A-Opopop,opopop,Opopop is a food company that manufactures and processes popcorn products.,opopop
Litani Ventures,Litani Ventures is a consumer investment company for entrepreneurs by entrepreneurs.,"Apr6,2021",Endless West,Series B-Endless West,endless-west,Endless West is a beverage company.,endlesswest
Litani Ventures,Litani Ventures is a consumer investment company for entrepreneurs by entrepreneurs.,"Feb10,2021",New Age Meats,Seed Round-New Age Meats,new-age-meats,New Age Meats is a biotechnology company that develops healthy cultivated meat grown from animal cells instead of animal slaughter.,newagemeats
Litani Ventures,Litani Ventures is a consumer investment company for entrepreneurs by entrepreneurs.,"Feb9,2021",Beam Organics,Series A-Beam Organics,beam-organics,Beam Organics is a wellness brand offering an innovative line of CBD products.,beamorganics
Litani Ventures,Litani Ventures is a consumer investment company for entrepreneurs by entrepreneurs.,"Aug18,2020",Cure Hydration,Seed Round-Cure Hydration,cure-hydration,"Cure Hydration offers all-natural, science-backed functional beverages.",curehydration
Litani Ventures,Litani Ventures is a consumer investment company for entrepreneurs by entrepreneurs.,"Mar1,2019",Spero Foods,Seed Round-Spero Foods,spero-foods,"Spero Foods specializes in the fields of big data, food tech, plant-based products, and predictive modeling.",sperofoods
Qatar Holding LLC,Qatar Holding is a global investment house that specializes in strategic and direct investments focusing on private and public equity.,"May4,2022",Twitter,Post-IPO Equity Twitter,twitter,Twitter is a social networking platform that allows its users to send and read micro-blogs of up to 280-characters known as tweets.,twitter
Qatar Holding LLC,Qatar Holding is a global investment house that specializes in strategic and direct investments focusing on private and public equity.,"Dec31,2013",Veepee,Private Equity Round Veepee,veepee,Veepee is a manufacturer of packaging materials and paper products.,veepee
"Sequoia Capital Fund, L.P.",Sequoia Capital closed on a $180 million fund in 2018 called Sequoia Scout III thatÕs focused exclusively on seed-stage opportunities.,"NoV14,2022",Zenlytic,Seed Round-Zenlytic,zenlytic,Zenlytic is a no-code analytics tool for e-commerce and DTC businesses.,zenlytic
"Sequoia Capital Fund, L.P.",Sequoia Capital closed on a $180 million fund in 2018 called Sequoia Scout III thatÕs focused exclusively on seed-stage opportunities.,"Aug22,2022",Baoxiao Box,Series A-Baoxiao Box,baoxiao-box,Baoxiao Box is an online 3D packaging design tool and printing e-commerce service platform.,baoxiaobox
"Sequoia Capital Fund, L.P.",Sequoia Capital closed on a $180 million fund in 2018 called Sequoia Scout III thatÕs focused exclusively on seed-stage opportunities.,"Ju20,2022",Xinsuan Technology,Angel Round-Xinsuan Technology,xinsuan-technology,Xinsuan Technology is an industrial code reading and sensor manufacturer,xinsuantechnology
"Sequoia Capital Fund, L.P.",Sequoia Capital closed on a $180 million fund in 2018 called Sequoia Scout III thatÕs focused exclusively on seed-stage opportunities.,"Jun8,2022",Mindverse,Angel Round-Mindverse,mindverse,Mindverse is an all-in-one tool for German content,mindverse
"Sequoia Capital Fund, L.P.",Sequoia Capital closed on a $180 million fund in 2018 called Sequoia Scout III thatÕs focused exclusively on seed-stage opportunities.,"May23,2022",Yunyao Shenwei,Seed Round-Yunyao Shenwei,yunyao-shenwei,Yunyao Shenwei is a metal 3D printing technology service provider.,yunyaoshenwei
"Sequoia Capital Fund, L.P.",Sequoia Capital closed on a $180 million fund in 2018 called Sequoia Scout III thatÕs focused exclusively on seed-stage opportunities.,"May4,2022",Twitter,Post-IPO Equity-Twitter,twitter,Twitter is a social networking platform that allows its users to send and read micro-blogs of up to 280-characters known as tweets.,twitter
"Sequoia Capital Fund, L.P.",Sequoia Capital closed on a $180 million fund in 2018 called Sequoia Scout III thatÕs focused exclusively on seed-stage opportunities.,"Apr8,2022",Shadow Eye Technology,Seed Round-Shadow Eye Technology,shadow-eye-technology,Shadow Eye Technology is a metaverse 3D hyper-realistic image generation and interaction platform.,shadoweyetechnology
"Sequoia Capital Fund, L.P.",Sequoia Capital closed on a $180 million fund in 2018 called Sequoia Scout III thatÕs focused exclusively on seed-stage opportunities.,"Mar31,2022",Health Hero,Seed Round-Health Hero,health-hero,Health Hero is a health-to-earn platform focused short term on disrupting the health insurance market.,healthhero
"Sequoia Capital Fund, L.P.",Sequoia Capital closed on a $180 million fund in 2018 called Sequoia Scout III thatÕs focused exclusively on seed-stage opportunities.,"Mar29,2022",Hebin Intelligence,Seed Round-Hebin Intelligence,hebin-intelligence,Hebin Intelligence is an AI ultrasonic medical robot company providing remote ultrasound autonomous ultrasound diagnosis robots.,hebinintelligence
"Sequoia Capital Fund, L.P.",Sequoia Capital closed on a $180 million fund in 2018 called Sequoia Scout III thatÕs focused exclusively on seed-stage opportunities.,"Mar29,2022",Zhonghe Energy Storage,Seed Round-Zhonghe Energy Storage,zhonghe-energy-storage,Zhonghe Energy Storage is a battery technology developer,zhongheenergystorage
"Sequoia Capital Fund, L.P.",Sequoia Capital closed on a $180 million fund in 2018 called Sequoia Scout III thatÕs focused exclusively on seed-stage opportunities.,"Mar14,2022",Tianyigou,Series A-Tianyigou,tianyigou,Tianyigou is a comprehensive service provider in the field of e-commerce.,tianyigou
"Sequoia Capital Fund, L.P.",Sequoia Capital closed on a $180 million fund in 2018 called Sequoia Scout III thatÕs focused exclusively on seed-stage opportunities.,"Feb25,2022",Creable,Angel Round-Creable,creable,Creable is a digital workspace in which Creators manage their business.,creable
"Sequoia Capital Fund, L.P.",Sequoia Capital closed on a $180 million fund in 2018 called Sequoia Scout III thatÕs focused exclusively on seed-stage opportunities.,"Feb17,2022",Upward Technology,Seed Round-Upward Technology,upward-technology,Upward Technology is a developer of intelligent new material application products.,upwardtechnology
"Sequoia Capital Fund, L.P.",Sequoia Capital closed on a $180 million fund in 2018 called Sequoia Scout III thatÕs focused exclusively on seed-stage opportunities.,"Feb10,2022",Panda Cloud,Seed Round-Panda Cloud,panda-cloud,Panda Cloud is a HR service provider for basic job recruitment .,pandacloud
"Sequoia Capital Fund, L.P.",Sequoia Capital closed on a $180 million fund in 2018 called Sequoia Scout III thatÕs focused exclusively on seed-stage opportunities.,"Dec1,2021",Talewind,Seed Round-Talewind,talewind,Talewind is a professional UK games studio focused on creating incredible experiences for the metaverse.,talewind
"Sequoia Capital Fund, L.P.",Sequoia Capital closed on a $180 million fund in 2018 called Sequoia Scout III thatÕs focused exclusively on seed-stage opportunities.,"Jul12,2021",Sugar,Seed Round-Sugar,sugar,"PopSugar is an online network of websites that offers updates, trends, and tips in entertainment, fashion, parenting, fitness, and shopping.",sugar
"Sequoia Capital Fund, L.P.",Sequoia Capital closed on a $180 million fund in 2018 called Sequoia Scout III thatÕs focused exclusively on seed-stage opportunities.,"Jul1,2021",Beam One-Click Checkout,Pre Seed Round-Beam One-Click Checkout,beam-one-click-checkout,"Beam, a frictionless one-click checkout experience platform built for social commerce and websites in Southeast Asia.",beamone-clickcheckout
"Sequoia Capital Fund, L.P.",Sequoia Capital closed on a $180 million fund in 2018 called Sequoia Scout III thatÕs focused exclusively on seed-stage opportunities.,"May26,2021",Subject,Seed Round-Subject,subject,Subject7 is a developer of software testing automation platform to scale and to be used by non-developers to test automation projects.,subject
"Sequoia Capital Fund, L.P.",Sequoia Capital closed on a $180 million fund in 2018 called Sequoia Scout III thatÕs focused exclusively on seed-stage opportunities.,"May13,2021",DeepScribe,Seed Round-DeepScribe,deepscribe,"DeepScribe is an ambient, AI-powered medical scribe automates clinical documentation.",deepscribe
"Sequoia Capital Fund, L.P.",Sequoia Capital closed on a $180 million fund in 2018 called Sequoia Scout III thatÕs focused exclusively on seed-stage opportunities.,"Apr20,2021",Rundoo,Convertible Note-Rundoo,rundoo,Rundoo builds software for the building materials marketplace.,rundoo
"Sequoia Capital Fund, L.P.",Sequoia Capital closed on a $180 million fund in 2018 called Sequoia Scout III thatÕs focused exclusively on seed-stage opportunities.,"Feb2,2021",Expectful,Seed Round-Expectful,expectful,The #1 meditation and sleep app for families,expectful
"Sequoia Capital Fund, L.P.",Sequoia Capital closed on a $180 million fund in 2018 called Sequoia Scout III thatÕs focused exclusively on seed-stage opportunities.,"Dec20,2020",Lolly,Seed Round-Lolly,lolly,Lolly is a social dating platform that uses short-form content to allow users to express themselves.,lolly
"Sequoia Capital Fund, L.P.",Sequoia Capital closed on a $180 million fund in 2018 called Sequoia Scout III thatÕs focused exclusively on seed-stage opportunities.,"0ct28,2020",The Naked Market,Seed Round-The Naked Market,the-naked-market,The Naked Market is a next-generation consumer products company that is creating a portfolio of food & beverage brands.,thenakedmarket
"Sequoia Capital Fund, L.P.",Sequoia Capital closed on a $180 million fund in 2018 called Sequoia Scout III thatÕs focused exclusively on seed-stage opportunities.,"May1,2020",BUBBLE,Pre Seed Round-BUBBLE,bubble,Bubble provides a point-and-click programming tool for web and mobile applications in which no prior coding experience is needed.,bubble
"Sequoia Capital Fund, L.P.",Sequoia Capital closed on a $180 million fund in 2018 called Sequoia Scout III thatÕs focused exclusively on seed-stage opportunities.,"Mar3,2020",Obviously Al,Pre Seed Round-Obviously Al,obviously-al,,obviouslyal
"Sequoia Capital Fund, L.P.",Sequoia Capital closed on a $180 million fund in 2018 called Sequoia Scout III thatÕs focused exclusively on seed-stage opportunities.,"Jun21,2018",Inline Digital,Pre Seed Round -Inline Digital,inline-digital,An all-in-one wholesale platform for luxury goods.,inlinedigital
Strauss Capital LLC,"Strauss Capital Partners is an investment banking firm that offers mergers, acquisitions, and recapitalization advisory services.","May4,2022",Twitter,Post-IPO Equity Twitter,twitter,Twitter is a social networking platform that allows its users to send and read micro-blogs of up to 280-characters known as tweets.,twitter
Tresser Blvd 402 LLC (Cartenna),,"May4,2022",Twitter,Post-IPO Equity-Twitter,twitter,Twitter is a social networking platform that allows its users to send and read micro-blogs of up to 280-characters known as tweets.,twitter
VyCapital ,Vy Capital is an investment firm that focuses on the internet and software industry.,"May4,2022",Twitter,Post-IPO Equity-Twitter,twitter,Twitter is a social networking platform that allows its users to send and read micro-blogs of up to 280-characters known as tweets.,twitter
VyCapital ,Vy Capital is an investment firm that focuses on the internet and software industry.,"Apr20,2022",The Boring Company,Series C-The Boring Company,the-boring-company,The Boring Company engages in constructing underground transportation networks.,theboringcompany
VyCapital ,Vy Capital is an investment firm that focuses on the internet and software industry.,"Mar1,2022",Counterpart,Series B-Counterpart,counterpart,Counterpart is a custom software development firm.,counterpart
VyCapital ,Vy Capital is an investment firm that focuses on the internet and software industry.,"Jan1,2022",Casa Bravo,Seed Round-Casa Bravo,casa-bravo,Casa Bravo is a tech-enabled Rent to Own home financing company focused on turning more renters into owners.,casabravo
VyCapital ,Vy Capital is an investment firm that focuses on the internet and software industry.,"Noy16,2021",Upgrade,Series F-Upgrade,upgrade,Upgrade is a fintech company that offers credit and mobile banking to mainstream consumers.,upgrade
VyCapital ,Vy Capital is an investment firm that focuses on the internet and software industry.,"Aug18,2021",MobileCoin,Series B-MobileCoin,mobilecoin,MobileCoin is a cryptocurrency platform that provides anti-fraud services and payment systems for merchants.,mobilecoin
VyCapital ,Vy Capital is an investment firm that focuses on the internet and software industry.,"Jul30,2021",Neuralink,Series C-Neuralink,neuralink,Neuralink develops a brain machine interface that provides solutions for those with paralysis.,neuralink
VyCapital ,Vy Capital is an investment firm that focuses on the internet and software industry.,"Jul15,2021",Inshorts,Venture Round -Inshorts,inshorts,"Inshorts is an aggregator app that summarizes news articles in 60 words and covers a wide-range of topics, including tech and business.",inshorts
VyCapital ,Vy Capital is an investment firm that focuses on the internet and software industry.,"May25,2021",Evertas,Seed Round-Evertas,evertas,Evertas is a cryptoasset insurance company.,evertas
VyCapital ,Vy Capital is an investment firm that focuses on the internet and software industry.,"Apr27,2021",Urban Company,Series F-Urban Company,urban-company,Urban provides a marketplace for freelance labor.,urbancompany
VyCapital ,Vy Capital is an investment firm that focuses on the internet and software industry.,"Mar24,2021",Blockchain.com,Series C-Blockchain.com,blockchain.com,"Blockchain.com is a platform that offers ways to buy, hold, and use cryptocurrency.",blockchain.com
VyCapital ,Vy Capital is an investment firm that focuses on the internet and software industry.,"Mar17,2021",Coalition,Series D-Coalition,coalition,We take an activist approach to growth capital investments in creative services and behavioral healthcare.,coalition
VyCapital ,Vy Capital is an investment firm that focuses on the internet and software industry.,"Aug25,2020",Urban Company,Secondary Market-Urban Company,urban-company,Urban provides a marketplace for freelance labor.,urbancompany
VyCapital ,Vy Capital is an investment firm that focuses on the internet and software industry.,"Ju15,2020",Evertas,Seed Round-Evertas,evertas,Evertas is a cryptoasset insurance company.,evertas
VyCapital ,Vy Capital is an investment firm that focuses on the internet and software industry.,"Jun17,2020",Upgrade,Series D-Upgrade,upgrade,Upgrade is a fintech company that offers credit and mobile banking to mainstream consumers.,upgrade
VyCapital ,Vy Capital is an investment firm that focuses on the internet and software industry.,"May20,2020",Coalition,Series C-Coalition,coalition,We take an activist approach to growth capital investments in creative services and behavioral healthcare.,coalition
VyCapital ,Vy Capital is an investment firm that focuses on the internet and software industry.,"Apr18,2020",ITILITE,Series B-ITILITE,itilite,ITILITE is a digital travel management platform that simplifies the travel booking process.,itilite
VyCapital ,Vy Capital is an investment firm that focuses on the internet and software industry.,"Mar14,2020",Shop101,Series C-Shop101,shop101,Leading the next wave of e-commerce by becoming the most trusted reselling partner to millions of Indians,shop101
VyCapital ,Vy Capital is an investment firm that focuses on the internet and software industry.,"Feb8,2020",Reddit,Series E-Reddit,reddit,"Reddit is an online platform that enables users to submit links, create content, and have discussions about the topics of their interest.",reddit
VyCapital ,Vy Capital is an investment firm that focuses on the internet and software industry.,"Aug2,2019",Urban Company,Series E-Urban Company,urban-company,Urban provides a marketplace for freelance labor.,urbancompany
Witkoff Capital,WITKOFF is a global real estate development and investment firm.,"May4,2022",Twitter,Post-IPO Equity-Twitter,twitter,Twitter is a social networking platform that allows its users to send and read micro-blogs of up to 280-characters known as tweets.,twitter
Witkoff Capital,WITKOFF is a global real estate development and investment firm.,"Feb4,2021",Built Technologies,Series C-Built Technologies,built-technologies,Built Technologies is an enterprise technology company that provides cloud-based construction lending software.,builttechnologies
HRH Prince Alwaleed Bin Talal Bin Abdulaziz Alsaud (Kingdom),"Prince Alwaleed Bin Talal Bin Abdul Aziz Al Saud formed Kingdom Holding Company in 1980, and the firm is today one of the largest and most diversified private investment companies in the world, with holdings in a large number of Middle Eastern and international firms.","May4,2022",Twitter,Post-IPO Equity-Twitter,twitter,Twitter is a social networking platform that allows its users to send and read micro-blogs of up to 280-characters known as tweets.,twitter
HRH Prince Alwaleed Bin Talal Bin Abdulaziz Alsaud (Kingdom),"Prince Alwaleed Bin Talal Bin Abdul Aziz Al Saud formed Kingdom Holding Company in 1980, and the firm is today one of the largest and most diversified private investment companies in the world, with holdings in a large number of Middle Eastern and international firms.","Aug7,2018",Snap,Post-IPO Equity-Snap,snap,"SNAP is an award-winning, easy-to-integrate platform designed to modernize traditional in-store loyalty programs by expanding upon them to",snap
HRH Prince Alwaleed Bin Talal Bin Abdulaziz Alsaud (Kingdom),"Prince Alwaleed Bin Talal Bin Abdul Aziz Al Saud formed Kingdom Holding Company in 1980, and the firm is today one of the largest and most diversified private investment companies in the world, with holdings in a large number of Middle Eastern and international firms.","Feb1,2013",JD.com,Series D-JD,jd.com,JD.com is an internet company and online consumer electronics retailer in China.,jd.com